LSID,Coord_X,Coord_Y
99722,363985.88,6929156.38
99722,363991.56,6929132.37
99722,363993.13,6929127.72
99722,363996.51,6929117.2
99722,363996.81,6929112.07
99721,363986.41,6929156.5
99721,363991.98,6929132.16
99721,363993.36,6929127.99
99721,363993.44,6929127.73
99721,363996.88,6929117.12
99721,363997.23,6929112.54
99659,364013.63,6929101.6
99659,364013.41,6929104.49
99659,364010.4,6929105.72
99659,364004.27,6929107.53
99659,363997.23,6929112.54
99658,364013.03,6929102.09
99658,364013.15,6929104.3
99658,364010.15,6929105.27
99658,364004.12,6929107.16
99658,363996.81,6929112.07
99513,363665.79,6928111.81
99513,363631.89,6928082.86
99513,363609.73,6928062.77
99513,363595.13,6928050.82
98481,363733.56,6928135.53
98481,363733.1,6928130.6
98481,363732.94,6928124.64
98481,363733.43,6928122.87
98481,363734.77,6928118.61
77850,363956.95,6928750.64
77850,363954.59,6928759.61
77850,363955.1,6928765.73
77850,363955.65,6928766.11
77849,363955.65,6928766.11
77849,363967.15,6928773.47
77849,363977.78,6928780.12
77849,363984.13,6928779.61
77849,363984.64,6928779.54
77849,363993.92,6928779.77
77849,363994.18,6928779.82
77849,363995.72,6928781.32
77849,363996.08,6928781.69
77849,363996.65,6928781.87
77849,363996.97,6928781.78
77849,363997.6,6928781.95
77848,363943.21,6928729.92
77848,363956.29,6928749.09
77847,363956.29,6928749.09
77847,363954.91,6928759.49
77847,363955.14,6928765.1
77847,363955.54,6928765.47
77846,363955.54,6928765.47
77846,363967.58,6928773.55
77846,363977.88,6928779.72
77846,363984.03,6928779.41
77846,363984.55,6928779.42
77846,363993.7,6928780.03
77846,363993.91,6928780.13
77846,363994.2,6928780.18
77846,363995.06,6928779.73
77846,363995.35,6928779.69
77846,363995.52,6928779.53
77846,363995.99,6928778.98
77818,364122.6,6928387.71
77818,364120.89,6928379.39
77818,364118.81,6928378.12
77818,364118.39,6928377.97
77657,364118.39,6928377.97
77657,364112.32,6928376.2
77657,364106.17,6928375.37
77657,364094.06,6928376.75
77657,364088.23,6928379.42
77645,364088.23,6928379.42
77645,364074.75,6928386.21
77645,364069.08,6928389.27
77645,364058.02,6928394.61
77645,364052.2,6928397.31
77645,364042.54,6928402.13
77645,364041.24,6928402.7
77645,364040.92,6928402.72
77645,364033.87,6928400.49
77506,364101.22,6928178.87
77506,364062.92,6928189.87
77506,364061.27,6928190.39
77506,364060.04,6928189.43
77505,364100.86,6928178.54
77505,364064.34,6928188.9
77505,364061.56,6928187.87
77502,364148.87,6928162.29
77502,364100.86,6928178.54
77499,364150.07,6928162.55
77499,364144.21,6928164.53
77499,364142.96,6928164.94
77499,364122.66,6928171.72
77499,364101.22,6928178.87
65524,362884.19,6928461.39
65524,362890.3,6928473.71
55447,364097.2,6928722.9
55447,364116.66,6928706.26
55418,364321.79,6928507.92
55418,364330.09,6928523.05
55415,364330.09,6928523.05
55415,364335.31,6928530.11
55412,364335.31,6928530.11
55412,364353.06,6928569.05
55388,364353.06,6928569.05
55388,364358.2,6928605.68
55382,364358.2,6928605.68
55382,364320.66,6928627.4
55380,364320.66,6928627.4
55380,364300.36,6928633.22
55380,364274.94,6928636.79
55378,364236.27,6928634.07
55378,364274.94,6928636.79
55377,364136.1,6928376.75
55377,364116.06,6928330.06
55376,364157.29,6928433.75
55376,364142.37,6928391.23
55376,364136.1,6928376.75
55375,364135.47,6928377
55375,364115.39,6928330.4
55371,364236.27,6928634.07
55371,364177.71,6928630.28
55369,364167.23,6928472.04
55369,364157.29,6928433.75
55366,364186.52,6928582.54
55366,364152.54,6928600.77
55365,364177.71,6928630.28
55365,364152.54,6928600.77
55364,364152.54,6928600.77
55364,364140.7,6928601.79
55356,364132.24,6928561.87
55356,364129.9,6928573.24
55352,363991.61,6928586.95
55352,364032.81,6928624.26
55351,364032.81,6928624.26
55351,364038.13,6928629.14
55350,363948.61,6928571.21
55350,363989.56,6928593.81
55349,363989.56,6928593.81
55349,364030.66,6928623.59
55349,364032.81,6928624.26
55345,364038.13,6928629.14
55345,364058.04,6928648.44
55343,364058.04,6928648.44
55343,364077.37,6928665
55341,364085.32,6928654.44
55341,364085.34,6928655.82
55341,364085.35,6928656.04
55341,364093.22,6928673.15
55340,364081.38,6928659.81
55340,364085.32,6928654.44
55336,364062.05,6928535.53
55336,364067.23,6928541.77
55336,364110.93,6928601.72
55335,364129.9,6928573.24
55335,364124.71,6928580.27
55335,364110.93,6928601.72
55334,364140.7,6928601.79
55334,364110.93,6928601.72
55333,364085.32,6928654.44
55333,364102.04,6928619.85
55333,364110.93,6928601.72
55331,364062.05,6928535.53
55331,364002.66,6928490.19
55328,364048.35,6928432.29
55328,364040.71,6928414.97
55327,364095.62,6928459
55327,364095,6928458.01
55327,364073.05,6928421.09
55325,364040.71,6928414.97
55325,364033.87,6928400.49
55324,364023.93,6928380.97
55324,364021.58,6928379.97
55323,364033.87,6928400.49
55323,364023.93,6928380.97
55322,364021.79,6928375.99
55322,364021.58,6928379.97
55321,364017.6,6928367.14
55321,364021.79,6928375.99
55320,364009.08,6928351.98
55320,364017.6,6928367.14
55319,364002.96,6928338.96
55319,364009.08,6928351.98
55318,363994.63,6928318.06
55318,364002.96,6928338.96
55317,364021.58,6928379.97
55317,364011.32,6928385.33
55316,364011.32,6928385.33
55316,364018.72,6928400.1
55315,363994.81,6928417.77
55315,363971.21,6928435.82
55314,364018.72,6928400.1
55314,363994.81,6928417.77
55312,364116.06,6928330.06
55312,364069.9,6928225.24
55312,364059.08,6928193.68
55312,364061.56,6928187.87
55308,364069.18,6928225.5
55308,364058.29,6928193.39
55308,364060.04,6928189.43
55307,364115.39,6928330.4
55307,364069.18,6928225.5
55306,364061.33,6928191.83
55306,364072.69,6928226.68
55305,364072.69,6928226.68
55305,364022.37,6928236.17
55304,364022.37,6928236.17
55304,363971.48,6928249.19
55298,363960.94,6928196.85
55298,363967.29,6928217
55298,363971.48,6928249.19
54900,363624.25,6928118.58
54900,363627.55,6928167.91
54899,363626.99,6928167.46
54899,363621.76,6928118.63
54890,363910.75,6928371.28
54890,363893.81,6928379.98
54887,363750.5,6928695.07
54887,363765.63,6928645.77
54885,363749.43,6928695.48
54885,363764.89,6928644.01
54466,363673.75,6928136.48
54466,363665.79,6928111.81
54463,363499.63,6928131.87
54463,363542.7,6928107.49
54462,363624.25,6928118.58
54462,363620.6,6928101.95
54460,363542.7,6928107.49
54460,363596.41,6928082.53
54459,363621.76,6928118.63
54459,363596.41,6928082.53
54458,363586.02,6928045.93
54458,363598.03,6928039.271
54456,363586.02,6928045.93
54456,363584.92,6928044.52
54456,363585.61,6928042.26
54456,363585.45,6928040.66
54456,363583.5,6928022.52
54455,363594.12,6928044.31
54455,363598.03,6928039.271
54454,363593.89,6928047.66
54454,363594.12,6928044.31
54453,363601.82,6928057.72
54453,363595.13,6928050.82
54452,363595.13,6928050.82
54452,363586.02,6928045.93
54451,363595.13,6928050.82
54451,363593.89,6928047.66
54447,363596.41,6928082.53
54447,363590.24,6928072.95
54447,363592.33,6928064.86
54446,363602.57,6928041.36
54446,363598.51,6928038.6
54445,363642.83,6928013.85
54445,363602.57,6928041.36
54440,363870.19,6927844.56
54440,363880.34,6927865.38
54440,363881.03,6927871.37
54437,363887.75,6928035.55
54437,363881.79,6928069.2
54436,363886.99,6928035.18
54436,363879.84,6928069.18
54435,363881.79,6928069.2
54435,363856.76,6928071.46
54434,363856.76,6928071.46
54434,363852.25,6928077.46
54433,363879.84,6928069.18
54433,363875.04,6928069.24
54433,363862.51,6928069.24
54433,363854.02,6928070.48
54432,363852.25,6928077.46
54432,363806.84,6928079.32
54431,363806.84,6928079.32
54431,363782.11,6928060.69
54430,363782.11,6928060.69
54430,363763.37,6928051.54
54429,363781.47,6928047.44
54429,363753.66,6928046.12
54429,363745.1,6928038.61
54429,363732.16,6928027.02
54428,363744.28,6928045.42
54428,363716.59,6928018.06
54427,363716.59,6928018.06
54427,363694.5,6927997.59
54425,363671.53,6927989.27
54425,363642.83,6928013.85
54424,363674.82,6927986.75
54424,363671.53,6927989.27
54423,363678.04,6927985.89
54423,363674.82,6927986.75
54420,363682.88,6927983.69
54420,363682.66,6927985.46
54419,363682.66,6927985.46
54419,363678.04,6927985.89
54418,363674.17,6927911.6
54418,363674.82,6927986.75
54401,363888.3,6927887.44
54401,363881.03,6927871.37
54401,363800.09,6927885.07
54401,363787.72,6927885.92
54401,363786.46,6927886.74
54400,363870.61,6927887.81
54400,363818.88,6927891.22
54400,363807.85,6927890.72
54400,363793.64,6927886.36
54399,363657.18,6928074.16
54399,363609.73,6928062.77
54398,363761.31,6928136.73
54398,363734.77,6928118.61
54397,363870.19,6927844.56
54397,363804.21,6927854.86
54397,363779.18,6927877.58
54396,363779.18,6927877.58
54396,363761.9,6927890.39
54395,363793.64,6927886.36
54395,363779.18,6927877.58
54393,363703.79,6927750.86
54393,363696.62,6927767.69
54391,363668.86,6927815.42
54391,363643.54,6927843.22
54390,363676.07,6927807.75
54390,363674.21,6927809.54
54389,363675.68,6927805.24
54389,363675.45,6927805.49
54389,363675.28,6927806.85
54389,363676.07,6927807.75
54388,363676.07,6927807.75
54388,363672.79,6927808.31
54388,363668.86,6927815.42
54387,363674.21,6927809.54
54387,363670.1,6927817.18
54386,363670.12,6927839.21
54386,363674.17,6927911.6
54385,363670.1,6927817.18
54385,363670.12,6927839.21
54383,363604.91,6927789.99
54383,363635.57,6927810.8
54382,363544.22,6927782.96
54382,363576.85,6927784.7
54382,363604.91,6927789.99
54379,363501.02,6927803.07
54379,363532.77,6927786.2
54377,363451.27,6927826.62
54377,363501.02,6927803.07
54374,363389.46,6927838.1
54374,363451.27,6927826.62
54371,363374.54,6927814.2
54371,363389.46,6927838.1
54368,363384.71,6927795.64
54368,363374.54,6927814.2
54365,363408.17,6927779.41
54365,363384.71,6927795.64
54358,363463.31,6927750.18
54358,363460.97,6927750.74
54358,363460.18,6927752.25
54358,363436.85,6927765.2
98208,363968.07,6928222.81
98208,363975.04,6928251.74
98204,363959.24,6928193.71
98204,363956.57,6928172.64
981,363749.23,6927915.28
981,363786.06,6927886.9
981,363786.46,6927886.74
98055,363959.82,6928192.95
98055,363960.94,6928196.85
98055,363963.88,6928207.51
98055,363968.07,6928222.81
98054,363974.36,6928252.22
98054,363962.8,6928205.87
98054,363961.41,6928201.43
98054,363959.24,6928193.71
78695,364232.78,6928773.27
78695,364231.83,6928772.79
78695,364213.84,6928763.4
78695,364209.88,6928761.31
78695,364204.72,6928758.48
78695,364199.68,6928754.24
78695,364194.63,6928750.08
78674,362710.51,6928362.52
78674,362713.45,6928361.13
78674,362715.31,6928358.28
78673,362708.24,6928363
78673,362710.51,6928362.52
78666,362715.31,6928358.28
78666,362717.62,6928361.33
78666,362712.39,6928363.45
78666,362709.89,6928366.97
78666,362709.21,6928368.36
78664,362756.93,6928301.5
78664,362751.85,6928319.73
78661,362715.31,6928358.28
78661,362721.4,6928353.23
78661,362745.83,6928339.01
78660,362745.83,6928339.01
78660,362751.85,6928319.73
78495,364479.71,6928791.07
78495,364457.4,6928783.77
78495,364433.78,6928777.4
78495,364427.44,6928775.99
78494,364485.49,6928793.92
78494,364480.13,6928792.15
78494,364457.29,6928784.45
78494,364433.99,6928778.33
78494,364427.65,6928776.92
78493,364427.44,6928775.99
78493,364397.02,6928779.32
78492,364427.65,6928776.92
78492,364410.2,6928778.78
78492,364397.7,6928780.05
78457,364397.02,6928779.32
78457,364378.83,6928781.36
78457,364372.86,6928781.97
78457,364366.92,6928782.36
78457,364360.5,6928782.63
78456,364397.7,6928780.05
78456,364379.54,6928782.01
78456,364373.59,6928782.62
78456,364367.64,6928783.18
78456,364360.95,6928783.41
78360,364360.5,6928782.63
78360,364321.44,6928781.11
78360,364293.91,6928780.23
78359,364360.95,6928783.41
78359,364360.15,6928783.43
78359,364347.67,6928782.89
78359,364321.18,6928781.75
78359,364293.11,6928780.9
78243,364293.91,6928780.23
78243,364269.84,6928779.64
78243,364262.98,6928779.53
78242,364293.11,6928780.9
78242,364269.06,6928780.57
78242,364264.07,6928780.82
78241,364262.98,6928779.53
78241,364256.28,6928778.15
78241,364232.51,6928772.16
78240,364264.07,6928780.82
78240,364232.78,6928773.27
78239,364195.15,6928749.38
78239,364169.09,6928736.58
78239,364140.93,6928722.32
78238,364194.63,6928750.08
78238,364168.69,6928737.31
78238,364139.37,6928722.31
78236,364139.37,6928722.31
78236,364117.04,6928702.87
78235,364140.93,6928722.32
78235,364131.82,6928714.87
78235,364116.8,6928701.01
78235,364094.58,6928680.35
78235,364094.64,6928679.04
78234,364116.66,6928706.26
78234,364117.04,6928702.87
78233,364117.04,6928702.87
78233,364094.69,6928682.07
78233,364094.58,6928680.35
78231,364087.34,6928674.49
78231,364091.79,6928678.38
78231,364094.64,6928679.04
78227,364087.34,6928674.49
78227,364085.46,6928672.65
78227,364085.06,6928672.37
78227,364082.16,6928661.57
78227,364081.93,6928660.45
78227,364081.38,6928659.81
78226,364077.37,6928665
78226,364081.38,6928659.81
78088,364171.03,6929051.52
78088,364165.49,6929045.8
78088,364161.53,6929040.36
78086,364203.52,6929058.83
78086,364171.03,6929051.52
78004,363514.05,6928723.51
78004,363591.5,6928741.84
78004,363598.04,6928743.62
78001,363483.03,6928716.865
78001,363514.05,6928723.51
78000,363477.71,6928715.34
78000,363483.03,6928716.865
77999,363410.22,6928700.61
77999,363426.21,6928704.52
77999,363477.71,6928715.34
97814,364057.81,6929127.89
97814,364056.74,6929122.6
97812,364057.98,6929129.05
97812,364057.01,6929125.06
97812,364055.78,6929122.8
97730,364056.74,6929122.6
97730,364054.91,6929121.85
97460,364013.63,6929101.6
97460,364019.06,6929105.33
97460,364034.98,6929113.4
97460,364054.91,6929121.85
97459,364013.03,6929102.09
97459,364018.77,6929105.64
97459,364026.78,6929109.7
97459,364034.63,6929113.64
97459,364055.78,6929122.8
77996,363269.26,6928670.09
77996,363282.28,6928671.88
77996,363339.81,6928685.93
77994,363205.2,6928701.42
77994,363211.82,6928689.99
77994,363217.23,6928684.09
77994,363229.9,6928675.52
77994,363240.22,6928671.65
77994,363250.56,6928669.36
77994,363269.26,6928670.09
77993,363202.43,6928768.69
77993,363200.47,6928751.05
77993,363199.21,6928725.7
77993,363200.02,6928719.52
77993,363202.75,6928707.26
77993,363205.2,6928701.42
77989,363212.01,6928811.22
77989,363205.96,6928796.65
77989,363202.43,6928768.69
77979,363212.01,6928811.22
77979,363214.31,6928821.71
77979,363216.81,6928826.85
77979,363223.53,6928834.51
77975,363223.53,6928834.51
77975,363241.76,6928844.21
77975,363275.56,6928851.18
77948,363246.88,6928859.07
77948,363232.52,6928856.43
77948,363224.17,6928857.39
77948,363212.41,6928860.92
77492,364206.49,6928144.49
77492,364150.07,6928162.55
77491,364206.03,6928144.17
77491,364148.87,6928162.29
77222,364062.24,6927916.79
77222,364061.95,6927919.34
77222,364059.13,6927944.84
77222,364056.8,6927966.51
77222,364055.49,6927975.84
77222,364050.47,6927980.74
77221,364062.68,6927917.47
77221,364062.42,6927919.7
77221,364059.49,6927945.21
77221,364057.01,6927967.23
77221,364055.93,6927975.98
77221,364050.38,6927981.94
97191,364009.36,6929076.69
97191,364018.91,6929050.48
97191,364024.51,6929046.84
97187,363885.1,6929117.86
97187,363889.67,6929106.11
97178,363889.67,6929106.11
97178,363895.88,6929052.3
97178,363895.85,6929049.99
97177,363889.19,6929104.53
97177,363894.52,6929050.51
96180,363836.65,6928355.04
96180,363835.56,6928353.77
96133,364010.43,6929075.92
96133,364011.09,6929082.2
96133,364013.63,6929101.6
96131,364009.36,6929076.69
96131,364010.5,6929082.62
96131,364013.03,6929102.09
96115,363831.55,6928354.41
96115,363827.51,6928337.79
96115,363819.81,6928318.23
96113,363833.06,6928349.58
96113,363831.56,6928347.19
96113,363827.95,6928335.4
96113,363820.43,6928316.12
95682,363580.02,6928787.36
95682,363590.01,6928759.63
95502,363975.7,6929068.04
95502,363999.41,6929073.95
95502,364010.43,6929075.92
95498,363948.67,6929062.36
95498,363977.55,6929068.83
95498,363999.28,6929074.26
95498,364009.36,6929076.69
95496,363975.7,6929068.04
95496,363976.23,6929069.28
95496,363969.31,6929097.25
95494,363947.28,6929061.27
95494,363975.7,6929068.04
94501,364036.12,6928802.04
94501,364005.33,6928790.56
93808,363947.28,6929061.27
93808,363921.46,6929054.93
93808,363913.23,6929053.17
93808,363895.85,6929049.99
93807,363894.52,6929050.51
93807,363898.14,6929051.3
93807,363913.04,6929053.63
93807,363921.5,6929055.46
93807,363931.02,6929057.72
93807,363948.67,6929062.36
93801,363895.85,6929049.99
93801,363851.73,6929042.04
93800,363894.52,6929050.51
93800,363851.33,6929042.91
93800,363850.93,6929042.44
93793,363851.73,6929042.04
93793,363843.66,6929033.05
93792,363850.93,6929042.44
93792,363843.12,6929033.63
93789,363843.66,6929033.05
93789,363833.86,6929019.66
93788,363822.43,6929007.94
93788,363843.12,6929033.63
93785,363823.45,6929035.41
93785,363833.86,6929019.66
93779,363790.13,6929049.77
93779,363822.43,6929007.94
92889,363897.35,6928275.66
92889,363901.4,6928276.36
92889,363907.9,6928274.58
92889,363935.98,6928266.2
92888,363936.05,6928266.57
92888,363908.63,6928274.73
92888,363884.19,6928281.62
91940,363833.88,6928295.53
91940,363820.43,6928316.12
91939,363884.19,6928281.62
91939,363844.04,6928292.7
91939,363843,6928292.93
91939,363833.88,6928295.53
91926,363799.39,6928277.58
91926,363774.64,6928234.76
90334,363570.85,6928273.59
90334,363565.78,6928277.49
90334,363551.73,6928288.73
90334,363520.16,6928327.62
90334,363496.62,6928354.96
90333,363570.85,6928273.59
90333,363599.26,6928255.12
90290,363599.26,6928255.12
90290,363603.25,6928248.66
90204,363774.64,6928234.76
90204,363736.41,6928235.02
90203,363736.41,6928235.02
90203,363673.64,6928196.05
90201,363734.96,6928236.13
90201,363671.13,6928195.85
90200,363774.56,6928236.22
90200,363734.96,6928236.13
90199,363819.81,6928318.23
90199,363780.44,6928246.66
90199,363774.56,6928236.22
89984,364073.05,6928421.09
89984,364050.56,6928435.83
89984,364048.35,6928432.29
75548,363218.47,6928299.82
75548,363212.47,6928287.91
75547,363221.39,6928364.83
75547,363218.47,6928299.82
75332,363207.93,6928273.21
75332,363208.31,6928281.69
75331,363207.93,6928273.21
75331,363238.69,6928248.25
74565,364347.82,6928485.38
74565,364344.29,6928490.31
74565,364329.77,6928501.15
74565,364321.79,6928507.92
73896,363209.2,6928284.66
73896,363184.1,6928290.28
73896,363145.85,6928294.88
73896,363114.09,6928296.06
73895,363266.36,6928200.46
73895,363235.02,6928148.31
73893,363216.77,6928458.08
73893,363217.88,6928439.93
73892,363217.88,6928439.93
73892,363225.56,6928434.74
73891,363225.56,6928434.74
73891,363226.37,6928419.38
73890,363226.37,6928419.38
73890,363223.13,6928377.69
73889,363225.99,6928420.89
73889,363222.09,6928377.5
73888,363223.13,6928377.69
73888,363221.39,6928364.83
73886,363222.09,6928377.5
73886,363220.11,6928365.15
73886,363217.66,6928324.6
73886,363214.05,6928320.2
73863,363887.45,6928525.18
73863,363864.4,6928526.17
73862,363864.4,6928526.17
73862,363831.25,6928525.03
73861,363831.25,6928525.03
73861,363832.9,6928495.54
73860,363832.9,6928495.54
73860,363836.21,6928444.12
73852,363835.66,6928442.65
73852,363836.66,6928398.91
73852,363832.47,6928367.56
73850,363836.21,6928444.12
73850,363837.8,6928398.57
73849,363837.8,6928398.57
73849,363831.55,6928354.41
73818,363589.09,6928036.32
73818,363587.29,6928039.62
73818,363586.8,6928040.4
73818,363587.98,6928046.7
73818,363593.39,6928058.81
73818,363594.31,6928060.93
73815,363598.51,6928038.6
73815,363598.03,6928039.271
73806,363694.5,6927997.59
73806,363682.88,6927983.69
89672,363834.05,6928253.8
89672,363832.93,6928253.99
89672,363818.58,6928252.04
89661,363911.49,6928200.49
89661,363892.83,6928204.12
89660,363911.95,6928201.03
89660,363893.32,6928204.65
89639,363893.32,6928204.65
89639,363893.51,6928212.27
89639,363893.69,6928236.21
89639,363892.91,6928237.64
89638,363892.83,6928204.12
89638,363892.91,6928211.06
89638,363893.19,6928235.1
89638,363892.8,6928236.15
89633,363944.08,6928196.92
89633,363944.66,6928196.25
89633,363959.82,6928192.95
89631,363944.5,6928198.38
89631,363945.36,6928197.18
89631,363959.24,6928193.71
89557,363944.08,6928196.92
89557,363939.08,6928205.87
89557,363936.98,6928209.92
89557,363928.2,6928225.87
89556,363944.5,6928198.38
89556,363938.17,6928210.18
89556,363929.22,6928226.62
89549,363928.2,6928225.87
89549,363927.91,6928226.38
89549,363921.77,6928228.07
89549,363892.8,6928236.15
89542,363892.8,6928236.15
89542,363880.6,6928239.52
89541,363929.22,6928226.62
89541,363928.42,6928228.01
89541,363892.91,6928237.64
89541,363879.95,6928241.13
89490,363879.95,6928241.13
89490,363858.68,6928247.07
89490,363834.05,6928253.8
89488,363880.6,6928239.52
89488,363858.4,6928245.92
89488,363834.65,6928252.48
89450,363834.65,6928252.48
89450,363834.16,6928252.44
89450,363823.51,6928245.02
89450,363818.08,6928241.24
89450,363813.25,6928237.58
89450,363802.89,6928230.38
89449,363774.64,6928234.76
89449,363802.89,6928230.38
89438,363189.51,6928709.76
89438,363188.38,6928744.17
89437,363190.41,6928705.28
89437,363189.51,6928709.76
89436,363190.41,6928705.28
89436,363197.47,6928683.92
89373,363197.47,6928683.92
89373,363219.29,6928663.9
89196,363219.29,6928663.9
89196,363235.41,6928658.69
89196,363253.48,6928655.03
89195,363253.48,6928655.03
89195,363335.54,6928673.1
89077,363184.56,6928291.18
89077,363184.1,6928290.28
88961,363335.54,6928673.1
88961,363336.03,6928672.83
88961,363337.47,6928668.83
88961,363341.27,6928657.31
88961,363343.27,6928652.32
88961,363345.91,6928646.46
88960,363345.91,6928646.46
88960,363356.21,6928630.47
88544,363664.8,6928954.23
88544,363701.21,6928961.89
88489,363615.82,6928473.2
88489,363615.8,6928472.56
88489,363616.4,6928470.95
88489,363615.98,6928466.41
88370,363615.84,6928473.75
88370,363615.82,6928473.2
88366,363616.88,6928475.59
88366,363616.67,6928474.62
88366,363615.84,6928473.75
88365,363615.22,6928473.13
88365,363615.84,6928473.75
88364,363614.22,6928472.14
88364,363615.22,6928473.13
88358,363612.25,6928469.83
88358,363614.22,6928472.14
88204,363596.94,6928695.48
88204,363597.23,6928711.61
88204,363598.61,6928742.14
88201,363597.19,6928743.07
88201,363595.74,6928711.67
88201,363595.8,6928695.97
88201,363596.13,6928695.2
88196,363596.13,6928695.2
88196,363596.54,6928696.15
88196,363653.82,6928723.77
88196,363654.33,6928725.13
88193,363596.13,6928695.2
88193,363607.19,6928645.82
88186,363607.99,6928647.1
88186,363596.94,6928695.48
88112,363617.25,6928588.88
88112,363614.58,6928604.3
88112,363607.19,6928645.82
88110,363618.59,6928588.23
88110,363618.33,6928591.68
88110,363615.32,6928608.65
88110,363607.99,6928647.1
88046,363701.21,6928961.89
88046,363725.34,6928966.99
88046,363732.41,6928968.55
88045,363700.78,6928961.15
88045,363724.58,6928966.12
88045,363731.49,6928967.76
88037,363617.25,6928588.88
88037,363620.79,6928570.8
88037,363621.94,6928564.51
88037,363623.7,6928556.27
88034,363618.59,6928588.23
88034,363622.09,6928571.82
88034,363623.21,6928565.96
88034,363624.91,6928555.77
87661,363409.56,6928311.64
87661,363409.33,6928310.96
87661,363387.04,6928288.19
87661,363378.38,6928279.88
87661,363369.13,6928272.04
87661,363368.15,6928272.04
87571,363769.77,6928976.61
87571,363759.23,6928974.51
87571,363732.41,6928968.55
87566,363830.25,6928989.46
87566,363806.47,6928983.6
87566,363759.46,6928973.77
87566,363731.49,6928967.76
87565,363810.77,6928985.83
87565,363806.06,6928984.65
87565,363769.77,6928976.61
87435,363847.31,6928993.08
87435,363844.03,6928978.53
87417,363810.77,6928985.83
87417,363831.4,6928990.38
87417,363844.52,6928993.46
87417,363847.31,6928993.08
87416,363830.25,6928989.46
87416,363831.4,6928989.76
87416,363844.71,6928992.59
87416,363850.09,6928991.64
87381,363848.81,6928996.06
87381,363848.2,6928995.02
87381,363847.31,6928993.08
87380,363844.8,6928994.8
87380,363847.31,6928993.08
87379,363859.03,6928993.79
87379,363852.6,6928992.17
87379,363848.2,6928995.02
87223,363356.21,6928630.47
87223,363374.55,6928636.07
87178,363335.59,6928692.85
87178,363332.121,6928712.957
87178,363332.31,6928713.63
87171,363332.31,6928713.63
87171,363340.4,6928715.64
87171,363341.04,6928716.01
87155,363308.14,6928826.39
87155,363312.55,6928802.65
87155,363313.9,6928796.58
87155,363317.8,6928777.87
87155,363319.9,6928766.88
87155,363323.49,6928749.26
87155,363326.22,6928737.05
87155,363332.31,6928713.63
87143,363610.09,6928403.9
87143,363612.21,6928430.86
87143,363614.62,6928453.72
87143,363615.04,6928457.16
87143,363615.98,6928466.41
87141,363610.35,6928467.65
87141,363611.2,6928468.31
87141,363612.25,6928469.83
87140,363610.35,6928467.65
87140,363608.37,6928465.38
87131,363555.73,6928437.29
87131,363590.58,6928447.33
87131,363594.66,6928448.57
87131,363608.37,6928465.38
86824,363436.31,6928355.12
86824,363450.1,6928368.67
86824,363466.23,6928385.78
86824,363474.76,6928394.29
86824,363486.58,6928402.42
86824,363524.99,6928427.16
86824,363528.15,6928428.43
86824,363530.51,6928429.39
86824,363547.94,6928434.92
86824,363555.73,6928437.29
86805,363435.92,6928381.3
86805,363436.13,6928386.84
86805,363432.05,6928421.05
86036,363432.46,6928411.72
86036,363434.76,6928387.45
86036,363433.92,6928376.63
86036,363433.13,6928375.15
86036,363416,6928350.9
86036,363408.14,6928339.89
86031,363408.14,6928339.89
86031,363399.46,6928326.4
86031,363390.49,6928315.74
85949,363631.59,6928811.49
85949,363654.33,6928725.13
85948,363632.4,6928811.52
85948,363655.33,6928724.65
85673,363672.81,6927785.68
85673,363666.98,6927809.13
85670,363761.9,6927890.39
85670,363737.88,6927893.78
85669,363737.88,6927893.78
85669,363733.79,6927909.68
85669,363722.06,6927921.47
85565,363655.33,6928724.65
85565,363654.39,6928723.12
85565,363596.94,6928695.48
84650,363436.31,6928355.12
84650,363433.19,6928351.73
84650,363410.98,6928326.16
84650,363394.65,6928308.8
84650,363387.23,6928301.11
84650,363381.28,6928295.13
84650,363373.14,6928287.68
84650,363363.42,6928279.1
84650,363360.48,6928279.26
84650,363359.57,6928279.34
84646,363368.15,6928272.04
84646,363360.16,6928278.68
84646,363359.57,6928279.34
84644,363359.57,6928279.34
84644,363361.81,6928281.71
84644,363369.11,6928289.32
84644,363373.97,6928295.09
84644,363399.83,6928324.07
84644,363415.68,6928349.1
84644,363431.93,6928371.89
84644,363433.78,6928375.24
84644,363434.76,6928377.88
84644,363435.92,6928381.3
84629,363390.49,6928315.74
84629,363365.02,6928286.27
84629,363358.42,6928279.47
84628,363358.42,6928279.47
84628,363341.86,6928271.21
84488,363308.96,6928267.83
84488,363304.7,6928268.55
84488,363296.9,6928270.04
84488,363279.05,6928272.73
84488,363273.38,6928273.95
84488,363268.44,6928275.18
84211,363732.16,6928027.02
84211,363724.83,6928020.28
84211,363700.33,6927998.3
84211,363692.44,6927991.07
84192,363341.86,6928271.21
84192,363327.09,6928268.89
84192,363320.81,6928268.12
84192,363308.96,6928267.83
84085,363268.44,6928275.18
84085,363250.15,6928280
84085,363234.87,6928284.44
84085,363214.77,6928287.58
84084,363214.77,6928287.58
84084,363209.2,6928284.66
84039,363359.57,6928279.34
84039,363358.18,6928278.2
84039,363355.62,6928276.29
84039,363352,6928274.31
84039,363346.98,6928271.82
84039,363340.43,6928269.48
84039,363333.85,6928267.64
84039,363320.19,6928265.29
84039,363315.57,6928264.89
65767,362906.29,6928500.03
65767,362890.3,6928473.71
65760,362854.05,6928591.78
65760,362815.2,6928587.83
65758,362909.61,6928566
65758,362906.48,6928498.82
65754,362913.83,6928612.84
65754,362890.45,6928603.01
65754,362854.05,6928591.78
83972,363240.23,6928278.42
83972,363264.13,6928271.44
83972,363272.75,6928269.34
83971,363212.8,6928285.64
83971,363237.43,6928279.75
83971,363240.23,6928278.42
83966,363212.47,6928287.91
83966,363212.8,6928285.64
83823,363315.57,6928264.89
83823,363305.06,6928263.81
83823,363301.06,6928263.99
83823,363296.93,6928264.4
83823,363279.09,6928267.68
83823,363272.75,6928269.34
83822,363272.75,6928269.34
83822,363252.53,6928258.32
83822,363238.69,6928248.25
83821,363238.69,6928248.25
83821,363201.16,6928189.28
83821,363199.27,6928185.79
83144,363763.37,6928051.54
83144,363744.28,6928045.42
65587,362815.89,6928504.3
65587,362857.7,6928489.9
65586,362883.15,6928715.67
65586,362901,6928665.5
65585,362883.77,6928716.31
65585,362901.62,6928665.95
65584,362855.61,6928712.81
65584,362883.15,6928715.67
65582,362855.87,6928713.84
65582,362883.77,6928716.31
65581,362869.99,6928746.09
65581,362883.15,6928715.67
65580,362844.35,6928742.85
65580,362869.99,6928746.09
65579,362870.29,6928746.51
65579,362883.77,6928716.31
65578,362845.03,6928743.44
65578,362870.29,6928746.51
65575,362919.55,6928741.37
65575,362922.7,6928731.06
65572,362922.7,6928731.06
65572,362931.32,6928702.55
65571,362901,6928665.5
65571,362933.33,6928673.53
65568,362901.62,6928665.95
65568,362933.7,6928674.56
65568,362940.38,6928664.4
65568,362942.41,6928663.98
65566,362942.88,6928662.68
65566,362951.49,6928634.56
65564,362931.32,6928702.55
65564,362942.88,6928662.68
65561,362951.49,6928634.56
65561,362913.83,6928612.84
65552,363059.39,6928635.93
65552,363054.79,6928626.37
65551,363054.79,6928626.37
65551,363063.35,6928599.34
65550,363063.35,6928599.34
65550,363076.07,6928560.93
65549,363076.07,6928560.93
65549,363092.53,6928513.82
65548,363092.53,6928513.82
65548,363107.38,6928478.27
65545,363097.71,6928466.76
65545,363045.37,6928456.14
65544,363028.29,6928451.11
65544,363013.46,6928444.88
65542,363013.46,6928444.88
65542,362972.23,6928432.07
65541,363045.37,6928456.14
65541,362970.99,6928431.52
65538,362932.73,6928425.92
65538,362972.23,6928432.07
65536,362931.37,6928425.72
65536,362970.99,6928431.52
65534,362931.37,6928425.72
65534,362874.38,6928429.75
65533,362872.94,6928430.18
65533,362932.73,6928425.92
65531,362935.69,6928480.95
65531,362890.3,6928473.71
65527,362934.94,6928481.38
65527,362891.32,6928474.57
65526,362857.7,6928489.9
65526,362891.32,6928474.57
65525,362891.32,6928474.57
65525,362872.94,6928430.18
65521,362884.19,6928461.39
65521,362874.38,6928429.75
65520,362996.31,6928480.66
65520,363013.46,6928444.88
65519,362986.75,6928506.72
65519,362996.31,6928480.66
65517,363050.62,6928423.8
65517,363039.69,6928399.03
83069,363744.28,6928045.42
83069,363732.99,6928062.15
83069,363729.67,6928068.16
83068,363734.77,6928118.61
83068,363733.44,6928114.14
83068,363733.1,6928107.86
83068,363730.5,6928072.48
83068,363729.95,6928068.68
83068,363729.67,6928068.16
83067,363729.67,6928068.16
83067,363699.77,6928063.17
83044,363699.77,6928063.17
83044,363677.41,6928067.56
83043,363677.41,6928067.56
83043,363657.18,6928074.16
83020,363733.85,6927936.41
83020,363747.813,6927917.18
83019,363749.23,6927915.28
83019,363747.813,6927917.18
83018,363733.85,6927936.41
83018,363695.58,6927973.59
83017,363685.58,6927980.45
83017,363695.58,6927973.59
65516,363039.69,6928399.03
65516,363023.02,6928367.74
65515,363050.36,6928424.77
65515,363038.77,6928399.68
65512,363034.19,6928365.4
65512,363022.25,6928367.65
65511,363038.77,6928399.68
65511,363022.25,6928367.65
65510,363035.22,6928365.08
65510,363022.33,6928367.93
65510,362985.98,6928372.8
65509,363022.25,6928367.65
65509,362984.14,6928372.7
65508,362985.98,6928372.8
65508,362928.98,6928381.44
65507,362984.14,6928372.7
65507,362928,6928381.32
65506,362928.98,6928381.44
65506,362894.95,6928385.91
65505,362928,6928381.32
65505,362893.38,6928385.94
65504,362894.95,6928385.91
65504,362851.04,6928399.37
65503,362851.04,6928399.37
65503,362801.37,6928412.82
65502,362893.38,6928385.94
65502,362849.84,6928399.17
65501,362849.84,6928399.17
65501,362801.31,6928411.75
65500,362807.3,6928446.51
65500,362806.54,6928446.8
65500,362801.31,6928411.75
65499,362872.94,6928430.18
65499,362807.3,6928446.51
65498,362874.38,6928429.75
65498,362805.68,6928446.45
65496,362805.68,6928446.45
65496,362801.37,6928412.82
65491,362801.31,6928411.75
65491,362793.53,6928356.1
65490,362799.1,6928354.97
65490,362793.53,6928356.1
65490,362752.98,6928367.9
65489,362794.94,6928357.57
65489,362786.25,6928311.63
65488,362801.37,6928412.82
65488,362794.94,6928357.57
65485,362943.69,6928313.71
65485,362896.24,6928327.55
65480,363037.69,6928302.76
65480,363009.12,6928305.37
65480,362986.86,6928306.71
65478,363082.05,6928298.43
65478,363037.69,6928302.76
65475,363598.51,6928038.6
65475,363594.31,6928060.93
65475,363593.6,6928062.77
65475,363591.85,6928064.58
65475,363583.35,6928073.84
65475,363581.35,6928077.47
65475,363574.22,6928090.4
65475,363572.75,6928093.33
65475,363567.33,6928096.47
65475,363543.38,6928108.79
65475,363464.64,6928152.13
65475,363354.4,6928214.73
65475,363299.14,6928246.46
65475,363264.01,6928253.8
65475,363252.21,6928257.24
65475,363251.87,6928257.33
65475,363218.09,6928272.92
65475,363162.23,6928282.47
65475,363106.49,6928287.83
65474,363106.49,6928287.83
65474,363005.23,6928298.66
65474,362903.25,6928315.63
65474,362794.74,6928349.04
65474,362709.21,6928368.36
65473,363114.09,6928296.06
65473,363082.05,6928298.43
65069,363004.12,6928803.95
65069,363039.15,6928811.25
65066,363129.52,6928834.26
65066,363174.82,6928845.72
65065,363129.52,6928834.26
65065,363174.82,6928845.72
65058,362944.85,6929175.72
65058,362961.01,6929125.83
65057,362935.72,6929206.41
65057,362962.24,6929125.23
65056,362961.01,6929125.83
65056,362997.18,6929083.61
65055,362962.24,6929125.23
65055,362997.95,6929084.69
64955,362997.95,6929084.69
64955,363026.23,6929096.16
64955,363079.69,6929116.64
64954,362997.18,6929083.61
64954,363027.76,6929095.74
64953,363079.69,6929116.64
64953,363097.64,6929072.5
64952,363079.17,6929115.31
64952,363118.3,6929020.56
64947,363097.64,6929072.5
64947,363129.23,6928999.85
64947,363146.46,6928964.8
64943,363152.63,6928949.64
64943,363169.82,6928906.48
64942,363152.63,6928949.64
64942,363169.82,6928906.48
64941,363146.46,6928964.8
64941,363152.63,6928949.64
64940,363152.52,6928948.63
64940,363168.25,6928908.01
64939,363118.3,6929020.56
64939,363146.79,6928962.42
64938,363124.81,6928943.91
64938,363152.63,6928949.64
64937,363123.92,6928943.19
64937,363152.52,6928948.63
64935,363077.17,6928933.29
64935,363123.92,6928943.19
64934,363028.86,6928923.35
64934,363077.17,6928933.29
64933,363028.12,6928923.94
64933,363124.81,6928943.91
64931,362772.73,6928914.36
64931,362771.29,6928889.04
64931,362772.87,6928877.11
64930,362735.98,6928884.89
64930,362772.87,6928877.11
64929,362874.71,6928864.79
64929,362920.37,6928866.14
83010,363722.06,6927921.47
83010,363686.82,6927925.47
82916,363696.62,6927767.69
82916,363694.75,6927771.17
82912,363695.97,6927793.19
82912,363679.76,6927802.1
82912,363674.49,6927804.96
82911,363697.8,6927797.06
82911,363695.97,6927793.19
82910,363694.75,6927771.17
82910,363694.5,6927771.66
82910,363697.34,6927793.22
82908,363697.34,6927793.22
82908,363675.68,6927805.24
82898,363564.45,6927749.97
82898,363544.42,6927779.64
82887,363682.66,6927985.46
82887,363665.95,6928003.26
82887,363652.28,6928018.34
82887,363627.81,6928043.74
82887,363601.82,6928057.72
82879,363563.69,6927750.18
82879,363559.7,6927755.64
82879,363542.26,6927779.95
82879,363538.44,6927785.1
82879,363537.88,6927785.5
82867,363544.42,6927779.64
82867,363544.22,6927782.96
82856,363532.77,6927786.2
82856,363535.64,6927784.7
82856,363544.22,6927782.96
82840,363686.82,6927925.47
82840,363676.43,6927926.49
82840,363658.26,6927928.48
82492,363537.88,6927785.5
82492,363526.41,6927791.24
82492,363503.86,6927802.75
82429,363503.86,6927802.75
82429,363509.81,6927818.24
82429,363516.76,6927832.33
82429,363517.01,6927832.82
82429,363520.5,6927838.71
82429,363530.16,6927852.43
82429,363535.43,6927859.71
81439,363705.64,6927802.62
81439,363697.8,6927797.06
81438,363728.95,6927761.95
81438,363705.64,6927802.62
64890,362847.73,6928972.86
64890,362893.65,6928975.85
64887,362893.65,6928975.85
64887,362943.2,6928979.6
64886,362943.2,6928979.6
64886,362957.92,6928928.06
64881,362957.92,6928928.06
64881,362968.95,6928889.14
64880,362968.95,6928889.14
64880,362974.4,6928869.13
64879,362920.37,6928866.14
64879,362974.4,6928869.13
64878,362982.05,6928845.21
64878,363004.12,6928803.95
64877,362974.4,6928869.13
64877,362982.05,6928845.21
64875,363039.15,6928811.25
64875,363081.06,6928823.25
64874,363081.06,6928823.25
64874,363129.52,6928834.26
80828,363137.77,6928535.66
80828,363142.38,6928536.7
80828,363158.62,6928539.69
80828,363179.7,6928541.1
80827,363179.7,6928541.1
80827,363192.63,6928492.9
80827,363195.46,6928486.71
80826,363195.46,6928486.71
80826,363212.65,6928474.83
80825,363212.65,6928474.83
80825,363216.56,6928458.51
80825,363216.77,6928458.08
80823,363179.54,6928539.98
80823,363192.06,6928492.66
80823,363194.57,6928486.45
80822,363194.57,6928486.45
80822,363211.55,6928474.26
80819,363211.55,6928474.26
80819,363216.26,6928455.86
80819,363219.19,6928447.72
80819,363221.71,6928440.75
80818,363221.71,6928440.75
80818,363225.99,6928420.89
80615,362910.61,6928870.46
80615,362911.35,6928867.4
80614,362911.35,6928867.4
80614,362918.4,6928837.88
80612,362911.17,6928866.31
80612,362917.72,6928837.27
80573,362917.72,6928837.27
80573,362971.9,6928844.17
80573,362974.98,6928844.74
80573,362984.13,6928846.77
80569,362918.4,6928837.88
80569,362935.43,6928839.98
80569,362971.47,6928844.75
80569,362973.09,6928845.21
80569,362978.24,6928846.15
80568,362978.24,6928846.15
80568,362983.44,6928847.64
80549,362984.13,6928846.77
80549,362977.76,6928872.89
80549,362993.86,6928892.46
80549,363005.14,6928906.32
80548,362983.44,6928847.64
80548,362977.32,6928873
80548,362993.39,6928892.68
80547,362993.39,6928892.68
80547,363004.73,6928906.85
80542,363005.14,6928906.32
80542,363017.42,6928910.37
80542,363028.86,6928923.35
80541,363004.73,6928906.85
80541,363017.05,6928910.81
80541,363028.12,6928923.94
79534,364488.37,6928794.43
79534,364485.58,6928793.22
79533,364485.58,6928793.22
79533,364479.71,6928791.07
79531,364488.37,6928794.43
79531,364485.49,6928793.92
79530,364490.26,6928794.72
79530,364488.37,6928794.43
79483,363145.85,6928667
79483,363059.39,6928635.93
79482,363189.48,6928681.79
79482,363145.85,6928667
79324,362986.86,6928306.71
79324,362943.69,6928313.71
78696,364232.51,6928772.16
78696,364210.53,6928760.59
78696,364205.25,6928757.76
78696,364195.15,6928749.38
56879,364003.78,6929029.31
56879,363950.43,6929018.43
56878,364063.37,6929040.64
56878,363950.35,6929019.11
56878,363905.75,6929007.47
56875,364155.37,6928707.56
56875,364138.72,6928731.91
56875,364119.66,6928777.53
56874,364139.37,6928722.31
56874,364137.67,6928731.14
56874,364118.36,6928776.6
56873,364064.23,6928785.18
56873,364088.52,6928743.26
56873,364097.2,6928722.9
56872,364097.87,6928722.22
56872,364089.28,6928743.49
56870,363914.96,6928922.67
56870,363955.38,6928863.57
56869,364025.55,6928740.3
56869,364054.07,6928701.88
56868,363944.19,6928729.88
56868,363957.33,6928749.35
56868,363956.95,6928750.64
56864,363945.24,6928857.64
56864,363968.26,6928823.29
56857,364055.64,6928900.96
56857,364002.58,6928875.11
56851,364161.72,6929076.14
56851,364162.15,6929059.28
56850,364152.93,6929057.08
56850,364103.56,6929046.66
56849,364199.61,6929068.03
56849,364199.08,6929067.76
56849,364196.57,6929067.12
56849,364152.93,6929057.08
56845,364338.11,6929057.88
56845,364341.04,6929016.15
56845,364341.2,6929013.2
56844,364358.41,6928851.07
56844,364312.69,6928851.13
56843,364364.75,6928850.58
56843,364358.41,6928851.07
56842,364406.93,6928896.96
56842,364352.73,6928898.66
56841,364352.73,6928898.66
56841,364358.41,6928851.07
56836,364202.98,6928917.86
56836,364219.33,6928834.68
56827,364062.29,6929179.02
56827,364067.76,6929154.84
56826,364067.76,6929154.84
56826,364057.81,6929127.89
56824,363969.31,6929097.25
56824,363993.09,6929105.59
56796,364396.39,6929102.21
56796,364322.81,6929084.97
56794,364322.81,6929084.97
56794,364266.54,6929072.81
56793,364266.54,6929072.81
56793,364203.52,6929058.83
56792,364108.42,6929037.7
56792,364103.56,6929046.66
56789,364054.97,6929038.72
56789,364003.78,6929029.31
56788,364103.56,6929046.66
56788,364054.97,6929038.72
56787,364140.95,6929055.2
56787,364063.37,6929040.64
56739,364485.44,6928847.03
56739,364487.37,6928798.66
56739,364486.52,6928787.71
56734,364271.68,6928909.63
56734,364272.29,6928846.7
56733,364269.79,6928938.07
56733,364269.89,6928934.82
56733,364269.77,6928927.92
56733,364269.61,6928921.35
56733,364269.84,6928916.01
56733,364269.82,6928910.16
56733,364270.04,6928904.11
56733,364270.37,6928897.94
56733,364270.75,6928892.08
56733,364270.78,6928887.65
56733,364270.96,6928879.83
56733,364271.77,6928877.52
56733,364273.11,6928873.67
56733,364273.91,6928871.96
56733,364275.36,6928867.97
56733,364275.31,6928867.39
56733,364274.98,6928861.22
56733,364273.96,6928849.04
56733,364272.29,6928846.7
56731,364286.61,6928962.68
56731,364346.28,6928955.5
56730,364285.78,6928961.64
56730,364345.34,6928954.98
56728,364346.28,6928955.5
56728,364371.1,6928952.15
56727,364345.34,6928954.98
56727,364369.9,6928951.25
56726,364369.9,6928951.25
56726,364371.6,6928928.88
56725,364371.1,6928952.15
56725,364372.44,6928928.32
56720,364385.82,6928924.75
56720,364371.6,6928928.88
56719,364372.44,6928928.32
56719,364387.49,6928924.27
56718,364441.23,6928917.83
56718,364385.82,6928924.75
56717,364387.49,6928924.27
56717,364442.22,6928917.07
56716,364264.23,6928992.96
56716,364269.79,6928938.07
56715,364263.99,6929003.59
56715,364264.23,6928992.96
56714,364262.09,6929032.94
56714,364263.99,6929003.59
56711,364392.17,6929058.45
56711,364367.4,6929063.6
56709,364391.09,6929057.93
56709,364367.87,6929062.83
56708,364367.87,6929062.83
56708,364338.11,6929057.88
56706,364337.67,6929058.55
56706,364340.4,6929015.72
56706,364340.64,6929013.15
56705,364367.4,6929063.6
56705,364337.67,6929058.55
56703,364282.75,6929008.74
56703,364337.69,6929013.46
56702,364407.65,6929005.92
56702,364337.69,6929013.46
56701,364337.69,6929013.46
56701,364407.65,6929005.92
56700,364336.09,6929013.79
56700,364406.36,6929006.55
56696,364451.82,6928996.58
56696,364407.65,6929005.92
56693,364406.36,6929006.55
56693,364449.95,6928997.88
56691,364459.02,6929077.22
56691,364455.24,6929044.32
56689,364455.24,6929044.32
56689,364493.85,6929034.22
56689,364493.88,6929033.11
56685,364493.88,6929033.11
56685,364492.73,6928992.07
56684,364449.95,6928997.88
56684,364492.73,6928992.07
56680,364491.73,6928991.79
56680,364451.82,6928996.58
56677,364444.78,6928991.08
56677,364449.77,6928971.08
56675,364449.77,6928971.08
56675,364490.01,6928951.42
56674,364492.73,6928992.07
56674,364490.01,6928951.42
56673,364493.47,6928910.97
56673,364492.01,6928797.12
56673,364490.26,6928794.72
56672,364442.22,6928917.07
56672,364488.53,6928911.05
56671,364495.23,6928960.99
56671,364493.47,6928910.97
56670,364441.23,6928917.83
56670,364487.7,6928912.76
56669,364487.7,6928912.76
56669,364485.44,6928847.03
56667,364490.01,6928951.42
56667,364488.53,6928911.05
56663,364488.53,6928911.05
56663,364487.65,6928879.24
56663,364486.55,6928845.86
56662,364411.61,6928848.28
56662,364364.75,6928850.58
56660,364219.33,6928834.68
56660,364264.85,6928845.64
56659,364264.85,6928845.64
56659,364271.87,6928806.04
56658,364312.69,6928851.13
56658,364277.67,6928847.51
56658,364273.77,6928846.89
56658,364272.29,6928846.7
56653,364171.03,6929051.52
56653,364156.18,6929048.65
56652,364156.18,6929048.65
56652,364108.42,6929037.7
56649,364161.53,6929040.36
56649,364148.47,6928990.99
56648,364148.47,6928990.99
56648,364138.1,6928949.33
56648,364133.39,6928931.2
56648,364131.66,6928924.93
56647,364143.96,6928981.26
56647,364131.93,6928931.93
56647,364129.86,6928924.25
56646,364131.66,6928924.93
56646,364127,6928903.74
56646,364118.95,6928868.23
56645,364129.86,6928924.25
56645,364117.05,6928868.39
56641,364117.05,6928868.39
56641,364107.9,6928819.84
56641,364107.74,6928818.98
56641,364107.66,6928818.23
56641,364107.52,6928817.29
56641,364107.35,6928815.57
56636,364118.95,6928868.23
56636,364108.99,6928816.72
56636,364108.89,6928814.03
56636,364119.66,6928777.53
56635,364107.35,6928815.57
56635,364107.49,6928814.03
56635,364118.36,6928776.6
56632,364065.21,6928784.61
56632,364089.28,6928743.49
56621,364486.55,6928845.86
56621,364488.21,6928798.27
56621,364485.49,6928793.92
56615,364271.87,6928806.04
56615,364266.42,6928786.04
56615,364265.7,6928783.49
56615,364264.07,6928780.82
56612,364002.58,6928875.11
56612,363955.38,6928863.57
56611,363955.38,6928863.57
56611,364005.33,6928790.56
56610,364005.33,6928790.56
56610,364000.46,6928783.55
56610,363999.01,6928782.66
56610,363998.56,6928781.76
56610,363998.47,6928781.22
56610,363998.35,6928780.48
56610,363998.19,6928779.56
56610,363997.87,6928778.682
56602,363998.37,6928779.76
56602,364025.55,6928740.3
56593,363968.26,6928823.29
56593,363986.57,6928796.21
56220,363730.74,6928755.96
56220,363749.43,6928695.48
56219,363730.87,6928756.99
56219,363750.5,6928695.07
56218,363858.49,6928787.94
56218,363877.91,6928734.83
56217,363860.01,6928786.73
56217,363879.14,6928733.58
56213,363534.86,6928755.75
56213,363573.07,6928763.57
56212,363457.85,6928739.66
56212,363572.35,6928764.12
56211,363598.61,6928742.14
56211,363591.36,6928758.66
56210,363597.19,6928743.07
56210,363590.01,6928759.63
56194,363897.92,6928949.14
56194,363914.96,6928922.67
56193,363949.51,6928925.82
56193,363933.52,6928924.23
56183,363523.52,6928918.43
56183,363564.92,6928929.7
56181,363737.37,6928953.44
56181,363770.09,6928960.27
56180,363306.62,6928871.18
56180,363369.95,6928887.4
56177,363616.39,6929142.42
56177,363680.23,6929145.26
56168,363861.33,6928865.93
56168,363854.44,6928890.41
56168,363899.08,6928913.94
56166,363831.87,6928816.87
56166,363858.49,6928787.94
56165,363831.82,6928818.32
56165,363860.01,6928786.73
56161,363573.07,6928763.57
56161,363591.36,6928758.66
56160,363572.35,6928764.12
56160,363590.01,6928759.63
56159,363344.77,6928865.55
56159,363419.32,6928882.38
56157,363275.56,6928851.18
56157,363344.77,6928865.55
56156,363564.92,6928929.7
56156,363615.79,6928941.92
56155,363615.79,6928941.92
56155,363662.23,6928953.1
56153,363897.53,6928919.77
56153,363945.24,6928857.64
56152,363873.9,6928953.13
56152,363897.53,6928919.77
56148,363770.09,6928960.27
56148,363812.29,6928969.44
56142,363561.75,6928837.01
56142,363591.36,6928758.66
56141,363533.22,6928892.99
56141,363560.82,6928837.67
56140,363560.82,6928837.67
56140,363580.02,6928787.36
56139,363532.6,6928895.58
56139,363561.75,6928837.01
56132,363369.95,6928887.4
56132,363412.74,6928896.74
56131,363414.25,6928895.29
56131,363370.12,6928886.59
56131,363306.89,6928870.49
56131,363272.66,6928865.5
56131,363246.88,6928859.07
56130,363419.32,6928882.38
56130,363414.25,6928895.29
56128,363493.98,6928937.35
56128,363533.22,6928892.99
56127,363447.24,6928924.35
56127,363493.98,6928937.35
56126,363489.74,6928939.25
56126,363494.41,6928938.23
56126,363532.6,6928895.58
56125,363447.91,6928925.01
56125,363489.74,6928939.25
56124,363272.61,6928866.26
56124,363306.62,6928871.18
56123,363174.82,6928845.72
56123,363187.56,6928848.51
56122,363168.25,6928908.01
56122,363168.95,6928905.81
56122,363170.46,6928902.23
56122,363170.67,6928901.54
56122,363187.56,6928848.51
56121,363187.56,6928848.51
56121,363272.61,6928866.26
56120,363184.26,6928862.99
56120,363206.35,6928859.85
56120,363212.41,6928860.92
56119,363276.19,6928878.82
56119,363281.85,6928878.51
56114,363284,6928931.31
56114,363306.62,6928871.18
56111,363281.85,6928878.51
56111,363304.31,6928882.06
56110,363280.61,6928877.15
56110,363305.27,6928881.3
56109,363305.27,6928881.3
56109,363362.61,6928894.52
56108,363363.43,6928895.67
56108,363304.31,6928882.06
56102,363363.43,6928895.67
56102,363408.82,6928914.92
56101,363414.25,6928895.29
56101,363408.82,6928914.92
56100,363408.82,6928914.92
56100,363447.91,6928925.01
56099,363362.61,6928894.52
56099,363407.36,6928913.33
56098,363412.74,6928896.74
56098,363407.36,6928913.33
56097,363407.36,6928913.33
56097,363447.24,6928924.35
56095,363392.83,6928980.58
56095,363408.82,6928914.92
56093,363392.35,6928979.41
56093,363407.36,6928913.33
56092,363169.82,6928906.48
56092,363170.88,6928903.7
56092,363184.26,6928862.99
56091,363221.4,6929087.59
56091,363233.03,6929076.33
56089,363233.03,6929076.33
56089,363247.75,6929042.33
56088,363247.75,6929042.33
56088,363255.42,6929023.58
56083,363239.2,6929019.74
56083,363305.66,6929035.5
56082,363240.27,6929020.89
56082,363306.81,6929036.63
56078,363305.66,6929035.5
56078,363375.86,6929051.3
56077,363375.86,6929051.3
56077,363392.83,6928980.58
56076,363375.05,6929051.91
56076,363392.35,6928979.41
56075,363306.81,6929036.63
56075,363375.05,6929051.91
56074,363444.84,6929074.79
56074,363375.86,6929051.3
56071,363417.45,6929135.43
56071,363423.37,6929122.33
56071,363424.82,6929119.26
56071,363444.84,6929074.79
56057,363879.08,6929154.79
56057,363885.1,6929117.86
56056,363833.86,6929019.66
56056,363848.81,6928996.06
56051,363905.75,6929007.47
56051,363852.1,6928988.28
56049,363950.43,6929018.43
56049,363902.44,6929005.06
56048,363859.03,6928993.79
56048,363902.44,6929005.06
56045,363662.23,6928953.1
56045,363758.99,6928980.14
56044,363758.99,6928980.14
56044,363804.18,6928988.3
56043,363822.43,6929007.94
56043,363823.88,6928992.37
56042,363823.88,6928992.37
56042,363844.8,6928994.8
56041,363804.18,6928988.3
56041,363823.88,6928992.37
56040,363758.01,6929098.84
56040,363790.13,6929049.77
56027,363593.16,6929207.07
56027,363654.34,6929205.57
56026,363654.34,6929205.57
56026,363679.82,6929169.26
56025,363679.82,6929169.26
56025,363680.23,6929145.26
56024,363680.23,6929145.26
56024,363720.86,6929147.15
56023,363763.85,6929146.41
56023,363767.39,6929139.24
56023,363786.78,6929096.65
56023,363823.45,6929035.41
56022,363720.86,6929147.15
56022,363763.85,6929146.41
56010,363812.29,6928969.44
56010,363844.03,6928978.53
56009,363856.83,6928979.33
56009,363850.09,6928991.64
56008,363856.83,6928979.33
56008,363873.9,6928953.13
55541,363936.2,6928561.11
55541,363991.61,6928586.95
55533,363891.22,6928565.75
55533,363926.77,6928566.25
55533,363948.61,6928571.21
55531,363876.52,6928360.23
55531,363836.65,6928355.04
55530,364061.56,6928187.87
55530,364039.4,6928117.75
55528,364060.04,6928189.43
55528,364040.42,6928131.57
55528,364036.89,6928118.96
55517,364085.24,6928520.97
55517,364062.05,6928535.53
55516,364083.36,6928515.73
55516,364085.24,6928520.97
55515,364079.36,6928510.25
55515,364083.36,6928515.73
55514,364091.71,6928519.14
55514,364085.24,6928520.97
55512,364091.83,6928513.06
55512,364091.71,6928519.14
55511,364095.99,6928516.86
55511,364091.71,6928519.14
55510,364078.17,6928487.38
55510,364095.99,6928516.86
55509,364072.25,6928478.2
55509,364078.17,6928487.38
55508,364065.59,6928465.84
55508,364071.31,6928478.82
55508,364077.15,6928487.68
55508,364091.83,6928513.06
55449,364097.87,6928722.22
55449,364116.89,6928706.52
55449,364129.72,6928691.22
54875,363879.14,6928733.58
54875,363885.42,6928713.3
54874,363877.91,6928734.83
54874,363884.58,6928712.13
54873,363884.58,6928712.13
54873,363915.32,6928721.2
54872,363918.69,6928674.76
54872,363937.08,6928694.37
54871,363909.57,6928666.93
54871,363936.17,6928696.02
54868,363937.08,6928694.37
54868,363944.19,6928729.88
54866,363915.32,6928721.2
54866,363944.19,6928729.88
54864,363885.42,6928713.3
54864,363943.21,6928729.92
54863,363936.17,6928696.02
54863,363943.21,6928729.92
54860,363314.7,6928761.13
54860,363341.04,6928716.01
54859,363315.18,6928762.01
54859,363341.62,6928716.74
54858,363341.62,6928716.74
54858,363403.78,6928728.59
54856,363403.78,6928728.59
54856,363457.85,6928739.66
54855,363341.04,6928716.01
54855,363458.8,6928738.74
54854,363458.8,6928738.74
54854,363534.86,6928755.75
54853,363840.5,6928690.5
54853,363832.74,6928622.7
54853,363836.46,6928576.08
54851,363704.61,6928667.14
54851,363712.65,6928644.99
54851,363724.57,6928625.3
54851,363747.26,6928609.99
54851,363767.71,6928602.55
54850,363765.63,6928645.77
54850,363767.71,6928602.55
54849,363767.71,6928602.55
54849,363766.54,6928509.32
54847,363764.89,6928644.01
54847,363767.11,6928597.53
54845,363767.11,6928597.53
54845,363797.02,6928588.51
54844,363838.06,6928580.42
54844,363826.9,6928584.04
54844,363826.34,6928584.17
54844,363825.44,6928584.43
54844,363809.24,6928589.59
54844,363790.73,6928595.48
54844,363787.3,6928596.78
54844,363786.63,6928597.18
54844,363784.61,6928597.8
54844,363784.36,6928597.87
54844,363784.03,6928597.96
54844,363783.71,6928598.06
54844,363783.25,6928598.18
54844,363775.06,6928600.46
54843,363797.02,6928588.51
54843,363809,6928584.8
54843,363841.63,6928574.5
54840,363838.06,6928580.42
54840,363843.14,6928578.78
54840,363844.12,6928578.43
54840,363891.22,6928565.75
54839,363841.63,6928574.5
54839,363885.82,6928561.17
54837,363885.82,6928561.17
54837,363936.2,6928561.11
54828,363152.42,6928324.11
54828,363157.19,6928290.68
54827,363208.31,6928281.69
54827,363252.93,6928265.73
54826,363157.19,6928290.68
54826,363182.82,6928287.94
54825,363252.93,6928265.73
54825,363298.93,6928245.38
54824,363343.89,6928220.1
54824,363323.06,6928231.9
54824,363298.93,6928245.38
54814,363293.05,6928235.7
54814,363266.36,6928200.46
54813,363298.93,6928245.38
54813,363293.05,6928235.7
54803,363624.91,6928555.77
54803,363621.21,6928515.21
54802,363623.7,6928556.27
54802,363620.24,6928513.45
54801,363620.24,6928513.45
54801,363616.88,6928475.59
54800,363621.21,6928515.21
54800,363613.34,6928431.23
54799,363610.09,6928403.9
54799,363608.17,6928384.23
54798,363613.34,6928431.23
54798,363607.71,6928335.04
54797,363608.17,6928384.23
54797,363606.98,6928333.83
54796,363606.98,6928333.83
54796,363605.41,6928317.49
54796,363602.35,6928265.58
54795,363607.71,6928335.04
54795,363606.07,6928317.49
54795,363603.25,6928248.66
54794,363602.35,6928265.58
54794,363602.32,6928249.19
54793,363603.25,6928248.66
54793,363611.97,6928218.04
54792,363602.32,6928249.19
54792,363611.04,6928219.12
54791,363611.04,6928219.12
54791,363623.91,6928178.82
54790,363611.97,6928218.04
54790,363627.55,6928167.91
54789,363623.91,6928178.82
54789,363626.99,6928167.46
54621,363888.3,6927887.44
54621,363912.66,6927884.57
54620,363931.9,6928030.22
54620,363887.75,6928035.55
54619,363931.11,6928029.65
54619,363886.99,6928035.18
54612,363993.69,6927859.99
54612,363979.7,6927861.36
54608,363979.7,6927861.36
54608,363976.18,6927865.5
54603,363976.18,6927865.5
54603,363950.06,6927870.69
54603,363912.66,6927884.57
54600,364050.38,6927981.94
54600,364023.45,6927992.09
54599,364050.47,6927980.74
54599,364022.6,6927991.65
54594,364039.4,6928117.75
54594,364029.09,6928088.04
54593,364036.89,6928118.96
54593,364027.1,6928089.01
54592,363982.17,6928088.78
54592,363997.39,6928055.15
54591,363997.39,6928055.15
54591,363993.55,6928005.04
54590,364029.09,6928088.04
54590,364013.52,6928044.52
54589,364027.1,6928089.01
54589,364011.07,6928045.55
54588,364013.52,6928044.52
54588,364009.03,6928005.84
54585,364011.07,6928045.55
54585,364007.12,6928006.47
54584,364006.12,6928000.97
54584,363988.78,6928009
54583,364023.45,6927992.09
54583,364006.12,6928000.97
54582,364006.12,6928000.97
54582,364009.03,6928005.84
54581,364004.51,6928000.49
54581,363987.89,6928008.37
54580,364022.6,6927991.65
54580,364004.51,6928000.49
54579,364004.51,6928000.49
54579,364007.12,6928006.47
54578,363988.78,6928009
54578,363962.79,6928023.18
54577,363987.89,6928008.37
54577,363962.36,6928022.36
54576,363962.79,6928023.18
54576,363953.76,6928021.47
54575,363962.36,6928022.36
54575,363953.61,6928020.6
54574,363953.76,6928021.47
54574,363951.82,6928022.47
54574,363946.81,6928025.08
54574,363939.68,6928028.71
54574,363935.11,6928029.92
54574,363933.69,6928030.19
54574,363931.9,6928030.22
54573,363931.11,6928029.65
54573,363932.88,6928029.26
54573,363939.29,6928027.89
54573,363945.73,6928024.64
54573,363951.26,6928021.97
54573,363953.61,6928020.6
54481,363464.28,6928151.45
54481,363499.63,6928131.87
54478,363576.83,6928037.24
54478,363541.29,6928008.58
54478,363522.7,6927992.21
54478,363501.97,6927989.15
54478,363482.12,6927992.24
54478,363459.29,6928000.34
54477,363685.58,6927980.45
54477,363682.88,6927983.69
5176,362772.87,6928877.11
5176,362823.73,6928867.38
5166,362823.73,6928867.38
5166,362835.17,6928864.64
5166,362874.71,6928864.79
5061,362909.24,6928566.76
5061,362906.29,6928500.03
5059,362890.3,6928473.71
5059,362906.48,6928498.82
1363,363188.12,6928714.96
1363,363189.48,6928681.79
1346,363214.05,6928320.2
1346,363187.36,6928306.91
1345,363187.36,6928306.91
1345,363184.56,6928291.18
1341,363182.82,6928287.94
1341,363208.31,6928281.69
1280,364054.79,6928917.08
1280,364055.64,6928900.96
1272,363933.52,6928924.23
1272,363914.96,6928922.67
1229,364160.62,6929145.44
1229,364161.72,6929076.14
1222,364142.57,6928717.76
1222,364121,6928698.37
1222,364094.96,6928675.64
1222,364093.22,6928673.15
117818,363406.47,6928184.4
117818,363343.89,6928220.1
115616,363599.71,6927816.6
115616,363561.09,6927823.6
112493,363436.85,6927765.2
112493,363408.17,6927779.41
102119,363820.43,6928316.12
102119,363799.39,6928277.58
102103,363893.81,6928379.98
102103,363876.52,6928360.23
101835,363834.15,6928351.08
101835,363833.06,6928349.58
101834,363835.56,6928353.77
101834,363834.15,6928351.08
101243,363844.03,6928978.53
101243,363845.89,6928978.09
101243,363847.93,6928977.52
101243,363865.49,6928963.48
101231,363633.11,6927824.86
101231,363626.74,6927823.37
101231,363609.34,6927818.97
101231,363599.71,6927816.6
101229,363633.11,6927824.86
101229,363633.67,6927825.25
101229,363670.12,6927839.21
101225,363667.25,6927813.9
101225,363665.43,6927827.03
101225,363660.4,6927839.79
101224,363660.4,6927839.79
101224,363644.52,6927843.09
101220,363654.87,6927829.77
101220,363660.4,6927839.79
101218,363662.51,6927845.83
101218,363660.4,6927839.79
101214,363653.94,6927966.77
101214,363683.42,6927982.44
101214,363692.44,6927991.07
101212,363686.82,6927925.47
101212,363685.5,6927928.1
101212,363684.17,6927942.64
101212,363683.61,6927948.68
101212,363682.41,6927953.53
101212,363679.72,6927959.96
101179,363894.54,6928922.41
101179,363876.65,6928948.11
101179,363876.23,6928948.64
101179,363865.49,6928963.48
101132,363578.82,6928040.13
101132,363569.73,6928034.7
101132,363555.76,6928024.37
101132,363544.09,6928015.1
101132,363523.52,6927996.9
101132,363521.39,6927995.06
101132,363510.05,6927987.63
101132,363501.43,6927982.4
101132,363485.38,6927973.48
101131,363586.02,6928045.93
101131,363584.28,6928044.7
101131,363583.15,6928041.29
101131,363576.83,6928037.24
101083,363581.32,6928042.38
101083,363578.82,6928040.13
101080,363586.02,6928045.93
101080,363585.7,6928044.42
101080,363584.36,6928043.36
101080,363581.32,6928042.38
101055,363894.54,6928922.41
101055,363894.94,6928921.73
101055,363928.79,6928878.45
101055,363953.64,6928843.89
101054,363953.64,6928843.89
101054,363976.06,6928810.39
100995,363476.74,6927848.87
100995,363486.18,6927848.37
100984,363976.06,6928810.39
100984,363983.67,6928799.07
100984,363985.38,6928795.93
100984,363986.08,6928794.98
100984,363986.4,6928794.57
100968,363671.13,6928195.85
100968,363670.55,6928193.01
100968,363670.34,6928191.19
100968,363670.18,6928188.99
100968,363670.22,6928186.61
100968,363672.25,6928145.17
100870,363673.64,6928196.05
100870,363671.75,6928194.27
100870,363673.18,6928146.72
100870,363673.75,6928136.48
100675,363672.25,6928145.17
100675,363672.27,6928140.64
100675,363663.9,6928114.53
100675,363660.3,6928107.41
100675,363642.37,6928093.2
100675,363618.98,6928075.47
100607,363758.22,6929185.84
100607,363765.4,6929180.96
100593,363541.3,6927831.05
100593,363550.45,6927827.53
100593,363561.09,6927823.6
100589,363524.96,6927828.55
100589,363541.3,6927831.05
100575,363486.18,6927848.37
100575,363493.2,6927845.28
100575,363503.94,6927839.77
100575,363509.34,6927836.78
100575,363516.87,6927832.73
100575,363524.62,6927828.64
100575,363524.96,6927828.55
100560,363765.4,6929180.96
100560,363771.19,6929144.91
100559,363771.19,6929144.91
100559,363767.39,6929139.24
100353,363581.32,6928042.38
100353,363582.84,6928046.76
100353,363586.91,6928053.85
100353,363591.44,6928060.78
100353,363594.88,6928063.94
100353,363596.46,6928064.83
100353,363618.98,6928075.47
